<?xml version="1.0" encoding="UTF-8"?>
<configuration>

  <appender name="STDOUT" class="ch.qos.logback.core.ConsoleAppender">
    <layout class="ch.qos.logback.classic.PatternLayout">
      <Pattern>%d{HH:mm:ss.SSS} [%thread] %-5level %logger{36} - %msg%n</Pattern>
    </layout>
  </appender>
  
 
  <appender name="FILE" class="ch.qos.logback.core.FileAppender">
      <file>E:/projects/logs/damweb.log</file>
      <append>true</append>
      <encoder>
         <pattern>%-4relative [%thread] %-5level %logger{35} - %msg%n</pattern>
      </encoder>
   </appender>

   <root level="info">
      <appender-ref ref="FILE" />
      <!-- <appender-ref ref="STDOUT" />  -->
   </root>
  <!-- http://learningviacode.blogspot.in/2014/01/writing-logs-to-database.html -->

</configuration>